,carbonate_mass,counts (RC)
1,0.171,230.65695343502944
2,0.27399999999999997,315.84173723712655
3,0.37799999999999995,391.40858263235737
4,0.632,551.3751599069991
5,1.045,770.9863187608731
6,1.3530000000000002,915.8710727143005
